age,workclass,final-weight,education,education-num,marital-status,occupation,relationship,race,sex,capital-gain,capital-loos,hour-per-week,inative-country,income
17, Private,158704, 10th,6, Never-married, Sales, Own-child, White, Male,0,0,20, United-States, <=50K
18, Private,111476, 11th,7, Never-married, Handlers-cleaners, Own-child, White, Male,0,0,40, United-States, <=50K
61, Self-emp-not-inc,352448, Bachelors,13, Married-civ-spouse, Transport-moving, Husband, White, Male,0,0,60, United-States, <=50K
26, Private,318518, Some-college,10, Never-married, Transport-moving, Not-in-family, White, Male,0,0,40, United-States, <=50K
19, Private,351802, HS-grad,9, Never-married, Machine-op-inspct, Own-child, White, Male,0,0,35, United-States, <=50K
26, Private,476558, 7th-8th,4, Never-married, Craft-repair, Not-in-family, White, Male,0,0,40, Mexico, <=50K
27, Private,200500, 7th-8th,4, Married-civ-spouse, Transport-moving, Husband, White, Male,0,0,45, United-States, <=50K
50, Private,181139, Some-college,10, Never-married, Farming-fishing, Not-in-family, White, Male,0,0,40, United-States, <=50K
62, Private,174355, HS-grad,9, Widowed, Other-service, Not-in-family, White, Female,0,0,40, United-States, <=50K
46, Self-emp-not-inc,102308, Bachelors,13, Married-civ-spouse, Sales, Husband, White, Male,0,2415,40, United-States, >50K
20, Private,303565, Some-college,10, Never-married, Handlers-cleaners, Own-child, Black, Male,0,0,40, Germany, <=50K
34, Private,199934, Some-college,10, Married-civ-spouse, Machine-op-inspct, Husband, Black, Male,7298,0,40, United-States, >50K
49, Private,61885, 11th,7, Married-civ-spouse, Craft-repair, Husband, White, Male,0,0,40, United-States, <=50K
39, Private,139703, HS-grad,9, Married-spouse-absent, Sales, Unmarried, Black, Female,0,0,28, Jamaica, <=50K
52, Local-gov,108083, Masters,14, Married-civ-spouse, Prof-specialty, Husband, White, Male,0,0,50, United-States, >50K
43, Private,206878, HS-grad,9, Never-married, Adm-clerical, Unmarried, White, Female,0,0,60, United-States, <=50K
48, Local-gov,123075, Masters,14, Married-civ-spouse, Prof-specialty, Husband, White, Male,0,0,35, United-States, >50K
36, Private,272944, Bachelors,13, Married-civ-spouse, Exec-managerial, Husband, White, Male,0,1887,40, United-States, >50K
17, ?,297117, 11th,7, Never-married, ?, Own-child, White, Female,0,0,40, United-States, <=50K
66, Self-emp-inc,115880, Some-college,10, Married-civ-spouse, Prof-specialty, Husband, White, Male,0,0,40, United-States, <=50K
45, Private,117409, Some-college,10, Married-civ-spouse, Exec-managerial, Husband, White, Male,0,0,40, United-States, >50K
26, Private,354784, Some-college,10, Never-married, Adm-clerical, Own-child, White, Male,0,0,20, United-States, <=50K
27, Private,193898, Bachelors,13, Divorced, Exec-managerial, Not-in-family, White, Male,0,0,52, United-States, <=50K
37, Self-emp-inc,163998, Assoc-acdm,12, Married-civ-spouse, Sales, Husband, White, Male,0,0,50, United-States, >50K
29, Private,128777, 7th-8th,4, Divorced, Craft-repair, Unmarried, White, Female,0,0,55, United-States, <=50K
51, State-gov,172281, Bachelors,13, Married-civ-spouse, Exec-managerial, Husband, White, Male,0,0,35, United-States, >50K
38, State-gov,104280, Doctorate,16, Married-civ-spouse, Prof-specialty, Husband, White, Male,0,0,55, United-States, >50K
33, Private,324546, Some-college,10, Married-civ-spouse, Machine-op-inspct, Husband, White, Male,0,0,39, United-States, <=50K
34, Private,124827, Assoc-voc,11, Never-married, Transport-moving, Own-child, White, Male,0,0,40, United-States, <=50K
22, Private,124940, Some-college,10, Married-civ-spouse, Adm-clerical, Wife, Amer-Indian-Eskimo, Female,0,0,44, United-States, <=50K
35, Private,183800, Bachelors,13, Married-civ-spouse, Adm-clerical, Husband, White, Male,0,0,40, United-States, >50K
36, Private,201117, Bachelors,13, Married-civ-spouse, Exec-managerial, Husband, White, Male,0,0,50, United-States, <=50K
50, Private,138852, Some-college,10, Divorced, Craft-repair, Not-in-family, White, Male,4650,0,22, United-States, <=50K
71, ?,177906, Bachelors,13, Married-civ-spouse, ?, Husband, White, Male,0,0,10, United-States, >50K
29, Private,206250, HS-grad,9, Married-civ-spouse, Craft-repair, Husband, White, Male,0,0,45, United-States, <=50K
34, Private,265807, HS-grad,9, Married-civ-spouse, Transport-moving, Husband, White, Male,0,2051,55, United-States, <=50K
47, State-gov,167281, Bachelors,13, Married-civ-spouse, Other-service, Husband, White, Male,0,0,40, United-States, <=50K
56, Local-gov,435836, Masters,14, Divorced, Prof-specialty, Not-in-family, White, Female,0,0,40, United-States, <=50K
41, Private,317539, Some-college,10, Married-civ-spouse, Craft-repair, Husband, Black, Male,0,0,40, United-States, <=50K
31, Private,128591, 9th,5, Divorced, Transport-moving, Not-in-family, White, Male,0,0,40, United-States, <=50K
31, Federal-gov,386331, HS-grad,9, Married-civ-spouse, Adm-clerical, Husband, Black, Male,0,0,50, United-States, <=50K
32, Self-emp-not-inc,350624, 12th,8, Married-civ-spouse, Craft-repair, Husband, White, Male,0,0,40, United-States, <=50K
38, Private,111398, Bachelors,13, Married-civ-spouse, Prof-specialty, Wife, White, Female,7688,0,40, United-States, >50K
28, Local-gov,84657, Bachelors,13, Divorced, Prof-specialty, Not-in-family, White, Female,0,0,40, United-States, <=50K
50, Local-gov,96062, HS-grad,9, Married-civ-spouse, Protective-serv, Husband, White, Male,0,0,40, United-States, <=50K
35, Private,343403, Some-college,10, Never-married, Sales, Not-in-family, White, Female,0,0,40, United-States, <=50K
54, Private,206369, HS-grad,9, Married-civ-spouse, Machine-op-inspct, Husband, White, Male,5178,0,50, United-States, >50K
32, Private,103860, Bachelors,13, Married-civ-spouse, Exec-managerial, Husband, White, Male,0,0,50, United-States, >50K
38, Self-emp-not-inc,239045, Doctorate,16, Married-civ-spouse, Prof-specialty, Husband, White, Male,0,0,50, United-States, >50K
57, Self-emp-not-inc,192869, HS-grad,9, Married-civ-spouse, Farming-fishing, Husband, White, Male,0,0,72, United-States, <=50K
23, State-gov,279243, Some-college,10, Never-married, Protective-serv, Not-in-family, White, Male,0,0,40, United-States, <=50K
26, Private,135645, Bachelors,13, Never-married, Sales, Not-in-family, White, Male,0,0,40, United-States, <=50K
26, Private,259505, Some-college,10, Never-married, Other-service, Own-child, White, Male,0,0,40, United-States, <=50K
46, Private,270565, Assoc-voc,11, Married-civ-spouse, Prof-specialty, Husband, White, Male,0,0,60, United-States, <=50K
37, Private,213841, Some-college,10, Married-civ-spouse, Craft-repair, Husband, White, Male,0,0,50, United-States, >50K
57, Local-gov,190561, HS-grad,9, Divorced, Handlers-cleaners, Not-in-family, Black, Female,0,0,30, United-States, <=50K
26, Private,331861, Bachelors,13, Never-married, Exec-managerial, Not-in-family, White, Male,0,0,60, ?, <=50K
60, Self-emp-not-inc,44915, Masters,14, Divorced, Prof-specialty, Unmarried, White, Female,0,0,10, United-States, <=50K
20, Private,352139, Some-college,10, Divorced, Other-service, Own-child, White, Female,0,0,29, United-States, <=50K
44, Self-emp-not-inc,567788, 5th-6th,3, Married-civ-spouse, Farming-fishing, Husband, White, Male,0,0,40, Mexico, <=50K
46, State-gov,238648, HS-grad,9, Married-civ-spouse, Other-service, Husband, Black, Male,7298,0,40, United-States, >50K
17, Private,130806, 10th,6, Never-married, Handlers-cleaners, Own-child, White, Male,0,0,24, United-States, <=50K
33, Private,34975, Some-college,10, Married-civ-spouse, Exec-managerial, Husband, White, Male,0,0,45, United-States, <=50K
19, Private,284652, Some-college,10, Never-married, Adm-clerical, Own-child, White, Female,0,0,15, United-States, <=50K
54, State-gov,123592, HS-grad,9, Separated, Adm-clerical, Unmarried, Black, Female,3887,0,35, United-States, <=50K
22, Private,210781, Bachelors,13, Never-married, Adm-clerical, Own-child, White, Female,0,0,35, United-States, <=50K
40, Private,228535, Assoc-acdm,12, Married-civ-spouse, Prof-specialty, Husband, White, Male,7298,0,36, United-States, >50K
49, Self-emp-inc,34998, Some-college,10, Married-civ-spouse, Farming-fishing, Husband, White, Male,0,0,60, United-States, <=50K
33, Private,40681, Some-college,10, Never-married, Prof-specialty, Not-in-family, White, Female,3674,0,16, United-States, <=50K
47, Private,84790, Some-college,10, Married-civ-spouse, Craft-repair, Husband, White, Male,0,0,40, United-States, <=50K
30, Private,144593, HS-grad,9, Never-married, Other-service, Not-in-family, Black, Male,0,0,40, ?, <=50K
35, Private,234901, Some-college,10, Married-civ-spouse, Craft-repair, Husband, White, Male,2407,0,40, United-States, <=50K
35, Private,109351, Bachelors,13, Never-married, Sales, Not-in-family, White, Female,8614,0,45, United-States, >50K
42, State-gov,367292, Some-college,10, Married-civ-spouse, Protective-serv, Husband, White, Male,0,0,40, United-States, >50K
35, Private,200426, Assoc-voc,11, Married-spouse-absent, Prof-specialty, Unmarried, White, Female,0,0,44, United-States, <=50K
47, Private,170850, HS-grad,9, Married-civ-spouse, Handlers-cleaners, Husband, White, Male,4064,0,60, United-States, <=50K
38, Private,51838, HS-grad,9, Married-civ-spouse, Prof-specialty, Wife, White, Female,0,0,40, United-States, <=50K
48, Private,161187, HS-grad,9, Never-married, Adm-clerical, Not-in-family, White, Female,2463,0,40, United-States, <=50K
28, Private,129882, Some-college,10, Never-married, Adm-clerical, Unmarried, Black, Female,0,0,40, United-States, <=50K
38, ?,365465, Assoc-voc,11, Never-married, ?, Own-child, White, Male,0,0,15, United-States, <=50K
52, Private,147876, Bachelors,13, Married-civ-spouse, Sales, Wife, White, Female,15024,0,60, United-States, >50K
37, Private,412296, HS-grad,9, Married-civ-spouse, Craft-repair, Husband, White, Male,0,0,35, Mexico, >50K
41, Private,195124, Masters,14, Never-married, Exec-managerial, Not-in-family, White, Male,0,0,35, Dominican-Republic, <=50K
19, Private,238969, HS-grad,9, Never-married, Handlers-cleaners, Own-child, White, Male,0,0,10, United-States, <=50K
44, Private,115932, Assoc-acdm,12, Married-civ-spouse, Prof-specialty, Husband, White, Male,0,0,40, United-States, <=50K
48, Federal-gov,205707, Masters,14, Married-spouse-absent, Exec-managerial, Not-in-family, White, Female,10520,0,50, United-States, >50K
19, Self-emp-inc,170125, HS-grad,9, Never-married, Sales, Own-child, White, Male,0,0,40, United-States, <=50K
31, Private,217460, HS-grad,9, Divorced, Craft-repair, Not-in-family, White, Male,0,0,45, United-States, <=50K
28, Local-gov,149991, Bachelors,13, Married-civ-spouse, Protective-serv, Husband, Black, Male,0,0,42, United-States, >50K
17, Self-emp-inc,183784, 10th,6, Never-married, Sales, Own-child, White, Male,0,0,15, United-States, <=50K
63, Local-gov,86590, HS-grad,9, Married-civ-spouse, Exec-managerial, Wife, White, Female,0,0,32, United-States, <=50K
49, Private,149049, Some-college,10, Divorced, Exec-managerial, Not-in-family, White, Male,14344,0,45, United-States, >50K
31, Private,54929, Some-college,10, Divorced, Craft-repair, Not-in-family, White, Male,0,0,60, United-States, <=50K
44, Private,219591, Some-college,10, Divorced, Handlers-cleaners, Own-child, White, Male,0,0,40, United-States, <=50K
63, Self-emp-not-inc,194638, HS-grad,9, Married-civ-spouse, Craft-repair, Husband, White, Male,0,0,32, United-States, <=50K
43, Private,153160, Some-college,10, Married-civ-spouse, Adm-clerical, Wife, White, Female,0,0,40, United-States, <=50K
47, Private,176140, HS-grad,9, Divorced, Exec-managerial, Unmarried, Black, Female,0,0,40, United-States, >50K
37, Federal-gov,325538, Masters,14, Married-civ-spouse, Prof-specialty, Husband, White, Male,0,0,40, ?, >50K
21, Private,238068, HS-grad,9, Married-civ-spouse, Machine-op-inspct, Husband, White, Male,0,0,40, United-States, <=50K
21, Private,219086, HS-grad,9, Never-married, Other-service, Own-child, White, Male,0,0,35, United-States, <=50K
39, Private,111499, Bachelors,13, Never-married, Exec-managerial, Not-in-family, White, Female,0,0,40, United-States, <=50K
51, Private,155408, HS-grad,9, Married-spouse-absent, Sales, Not-in-family, Black, Female,0,0,38, United-States, <=50K
44, Federal-gov,399155, HS-grad,9, Never-married, Craft-repair, Own-child, Black, Female,0,0,40, United-States, <=50K
43, Local-gov,180096, Masters,14, Married-civ-spouse, Prof-specialty, Husband, White, Male,0,0,40, United-States, >50K
54, Private,213092, HS-grad,9, Divorced, Other-service, Not-in-family, White, Female,0,0,40, United-States, <=50K
19, Private,158343, Some-college,10, Never-married, Tech-support, Own-child, White, Female,0,0,40, ?, <=50K
33, Private,117963, Bachelors,13, Married-civ-spouse, Exec-managerial, Husband, White, Male,0,0,40, United-States, >50K
58, Private,214502, 9th,5, Married-civ-spouse, Handlers-cleaners, Husband, White, Male,0,0,50, United-States, >50K
40, Federal-gov,346532, Some-college,10, Married-civ-spouse, Adm-clerical, Husband, Black, Male,0,0,40, United-States, >50K
31, State-gov,161631, Some-college,10, Divorced, Adm-clerical, Unmarried, White, Female,0,0,40, United-States, <=50K
36, Private,164898, HS-grad,9, Married-civ-spouse, Exec-managerial, Husband, White, Male,0,0,40, United-States, <=50K
24, Private,145964, Bachelors,13, Never-married, Exec-managerial, Not-in-family, White, Male,0,0,40, United-States, <=50K
52, Private,141301, HS-grad,9, Divorced, Machine-op-inspct, Not-in-family, White, Female,0,0,40, United-States, <=50K
35, Private,111387, Some-college,10, Married-civ-spouse, Handlers-cleaners, Husband, White, Male,0,1579,40, United-States, <=50K
17, Private,114420, 11th,7, Never-married, Sales, Own-child, White, Female,0,0,30, United-States, <=50K
23, Private,214635, HS-grad,9, Never-married, Craft-repair, Not-in-family, White, Male,0,0,40, United-States, <=50K
27, Private,156266, 9th,5, Married-civ-spouse, Farming-fishing, Husband, Amer-Indian-Eskimo, Male,0,0,40, United-States, <=50K
22, Private,31387, Bachelors,13, Married-civ-spouse, Adm-clerical, Own-child, Amer-Indian-Eskimo, Female,2885,0,25, United-States, <=50K
29, Private,203833, Bachelors,13, Never-married, Prof-specialty, Not-in-family, Black, Male,0,0,40, United-States, <=50K
29, Federal-gov,31161, HS-grad,9, Divorced, Exec-managerial, Not-in-family, Other, Female,0,0,40, United-States, <=50K
36, Local-gov,247807, Assoc-voc,11, Never-married, Protective-serv, Not-in-family, White, Male,0,0,40, United-States, >50K
28, Local-gov,146949, HS-grad,9, Married-civ-spouse, Handlers-cleaners, Husband, White, Male,0,0,40, United-States, <=50K
33, Private,170769, HS-grad,9, Married-civ-spouse, Craft-repair, Husband, White, Male,0,0,40, United-States, <=50K
37, Private,212512, HS-grad,9, Married-civ-spouse, Machine-op-inspct, Husband, White, Male,3464,0,50, United-States, <=50K
40, Private,260696, HS-grad,9, Never-married, Adm-clerical, Not-in-family, White, Female,0,0,40, United-States, <=50K
40, Private,43711, HS-grad,9, Never-married, Machine-op-inspct, Not-in-family, White, Male,0,0,45, United-States, <=50K
44, Private,192878, HS-grad,9, Divorced, Prof-specialty, Not-in-family, White, Male,0,0,40, United-States, <=50K
37, Private,215503, HS-grad,9, Married-civ-spouse, Exec-managerial, Husband, White, Male,4386,0,45, United-States, >50K
17, Private,207637, 11th,7, Never-married, Handlers-cleaners, Own-child, White, Male,0,0,10, United-States, <=50K
21, Private,267040, 10th,6, Never-married, Prof-specialty, Unmarried, Black, Female,0,0,40, United-States, <=50K
27, Private,360097, HS-grad,9, Never-married, Handlers-cleaners, Not-in-family, Black, Male,0,0,40, United-States, <=50K
66, ?,186030, 7th-8th,4, Married-civ-spouse, ?, Husband, White, Male,0,0,32, United-States, <=50K
33, Private,199227, Bachelors,13, Married-civ-spouse, Exec-managerial, Husband, White, Male,0,0,55, United-States, >50K
38, Private,64879, Some-college,10, Divorced, Sales, Not-in-family, White, Female,0,0,40, United-States, <=50K
36, Self-emp-inc,186035, Some-college,10, Married-civ-spouse, Sales, Husband, White, Male,0,0,60, United-States, >50K
68, ?,407338, Some-college,10, Married-civ-spouse, ?, Husband, White, Male,0,0,20, United-States, <=50K
33, Private,79923, Some-college,10, Married-civ-spouse, Sales, Husband, White, Male,0,0,20, United-States, <=50K
65, Without-pay,172949, HS-grad,9, Married-civ-spouse, Transport-moving, Husband, White, Male,2414,0,20, United-States, <=50K
20, Private,55465, HS-grad,9, Never-married, Other-service, Own-child, White, Male,0,0,35, United-States, <=50K
59, Local-gov,120617, HS-grad,9, Separated, Protective-serv, Unmarried, Black, Female,0,0,40, United-States, <=50K
18, Private,194059, 12th,8, Never-married, Adm-clerical, Own-child, White, Male,0,0,40, United-States, <=50K
30, Private,175856, Masters,14, Married-civ-spouse, Prof-specialty, Husband, White, Male,0,0,38, United-States, <=50K
34, State-gov,50178, Some-college,10, Married-civ-spouse, Exec-managerial, Husband, White, Male,0,0,38, United-States, <=50K
49, Private,36032, Some-college,10, Never-married, Exec-managerial, Not-in-family, Black, Female,0,0,40, United-States, <=50K
59, Private,370615, HS-grad,9, Widowed, Adm-clerical, Unmarried, White, Female,0,0,60, United-States, <=50K
35, Self-emp-not-inc,225399, HS-grad,9, Never-married, Machine-op-inspct, Own-child, White, Male,8614,0,40, United-States, >50K
54, Self-emp-not-inc,82551, Assoc-voc,11, Married-civ-spouse, Tech-support, Other-relative, White, Female,0,0,10, United-States, <=50K
35, Private,241998, HS-grad,9, Married-civ-spouse, Craft-repair, Husband, White, Male,0,0,40, United-States, >50K
32, Private,53135, HS-grad,9, Never-married, Machine-op-inspct, Not-in-family, White, Male,0,0,40, United-States, <=50K
48, Private,176810, HS-grad,9, Married-civ-spouse, Other-service, Husband, White, Male,0,0,40, United-States, <=50K
41, Private,125461, Some-college,10, Divorced, Craft-repair, Not-in-family, White, Male,0,0,40, United-States, >50K
27, Private,105817, Bachelors,13, Never-married, Craft-repair, Not-in-family, White, Male,0,0,45, United-States, <=50K
59, Private,108496, Masters,14, Married-civ-spouse, Exec-managerial, Husband, White, Male,0,0,45, United-States, >50K
21, ?,123727, Some-college,10, Never-married, ?, Not-in-family, White, Female,0,0,28, United-States, <=50K
36, Private,29814, 11th,7, Married-civ-spouse, Craft-repair, Husband, White, Male,0,0,40, United-States, <=50K
42, Self-emp-not-inc,29320, Prof-school,15, Divorced, Prof-specialty, Unmarried, White, Male,0,0,60, United-States, >50K
60, Private,24872, Some-college,10, Separated, Transport-moving, Not-in-family, Amer-Indian-Eskimo, Female,0,0,30, United-States, <=50K
33, Local-gov,27959, HS-grad,9, Never-married, Other-service, Unmarried, Amer-Indian-Eskimo, Male,0,0,40, United-States, <=50K
33, Private,236396, HS-grad,9, Never-married, Adm-clerical, Own-child, White, Male,0,0,35, United-States, <=50K
28, Private,173673, 5th-6th,3, Never-married, Other-service, Not-in-family, White, Female,0,0,40, Mexico, <=50K
61, Private,128230, HS-grad,9, Married-civ-spouse, Prof-specialty, Husband, White, Male,0,0,30, United-States, <=50K
27, Private,376150, Some-college,10, Married-spouse-absent, Sales, Not-in-family, White, Female,0,0,25, United-States, <=50K
45, Private,358701, 12th,8, Never-married, Other-service, Own-child, White, Male,0,0,10, Mexico, <=50K
31, Private,59496, Some-college,10, Married-civ-spouse, Adm-clerical, Husband, White, Male,0,0,50, United-States, <=50K
65, Private,87164, 11th,7, Widowed, Sales, Other-relative, White, Female,0,0,20, United-States, <=50K
23, Private,237720, Bachelors,13, Never-married, Prof-specialty, Not-in-family, White, Male,0,0,38, United-States, <=50K
39, Private,128715, HS-grad,9, Divorced, Adm-clerical, Not-in-family, White, Male,10520,0,40, United-States, >50K
46, Self-emp-inc,125892, Masters,14, Married-civ-spouse, Sales, Husband, White, Male,0,0,50, United-States, >50K
54, Private,449257, HS-grad,9, Married-civ-spouse, Farming-fishing, Husband, White, Male,0,0,40, United-States, <=50K
33, Self-emp-not-inc,270889, HS-grad,9, Never-married, Transport-moving, Not-in-family, White, Male,0,0,60, United-States, <=50K
57, Private,194850, Some-college,10, Married-civ-spouse, Other-service, Husband, Other, Male,0,0,40, Mexico, <=50K
56, Private,32446, Some-college,10, Married-civ-spouse, Craft-repair, Husband, White, Male,0,0,40, United-States, >50K
46, Private,130364, HS-grad,9, Never-married, Craft-repair, Unmarried, White, Male,0,0,40, United-States, <=50K
34, Private,248754, 11th,7, Never-married, Machine-op-inspct, Not-in-family, White, Male,0,0,40, United-States, <=50K
48, Self-emp-not-inc,167918, Masters,14, Married-civ-spouse, Sales, Husband, Asian-Pac-Islander, Male,0,0,50, India, <=50K
54, Private,156877, HS-grad,9, Married-civ-spouse, Craft-repair, Husband, White, Male,0,0,40, Greece, <=50K
37, Private,99374, 10th,6, Married-civ-spouse, Transport-moving, Husband, White, Male,0,0,55, United-States, <=50K
54, Self-emp-inc,383365, Bachelors,13, Married-civ-spouse, Sales, Husband, White, Male,0,0,70, United-States, >50K
33, State-gov,290614, HS-grad,9, Married-civ-spouse, Other-service, Husband, White, Male,0,0,40, United-States, <=50K
48, Self-emp-not-inc,383384, HS-grad,9, Married-civ-spouse, Craft-repair, Husband, White, Male,0,0,40, United-States, >50K
28, Private,66473, HS-grad,9, Divorced, Machine-op-inspct, Own-child, White, Male,0,0,40, United-States, <=50K
40, Private,163434, HS-grad,9, Never-married, Craft-repair, Not-in-family, White, Male,0,0,50, United-States, <=50K
35, Private,126675, HS-grad,9, Divorced, Craft-repair, Not-in-family, White, Male,0,0,46, ?, <=50K
39, Private,108419, Some-college,10, Married-civ-spouse, Craft-repair, Husband, White, Male,0,0,40, United-States, <=50K
27, Private,210765, Assoc-voc,11, Never-married, Handlers-cleaners, Not-in-family, White, Male,0,0,40, United-States, <=50K
17, Private,198124, 11th,7, Never-married, Sales, Own-child, White, Male,0,0,20, United-States, <=50K
36, Private,178815, Bachelors,13, Never-married, Exec-managerial, Not-in-family, White, Male,8614,0,40, United-States, >50K
46, Private,62793, HS-grad,9, Divorced, Sales, Other-relative, White, Female,0,0,40, United-States, <=50K
45, Private,127111, Masters,14, Married-civ-spouse, Prof-specialty, Husband, White, Male,0,0,55, United-States, >50K
66, Private,22313, 11th,7, Married-civ-spouse, Craft-repair, Husband, White, Male,0,0,20, United-States, <=50K
42, Private,143582, 7th-8th,4, Married-civ-spouse, Other-service, Other-relative, Asian-Pac-Islander, Female,0,0,48, ?, <=50K
42, Private,226902, Bachelors,13, Married-civ-spouse, Tech-support, Husband, White, Male,0,0,45, United-States, >50K
28, Federal-gov,183445, HS-grad,9, Never-married, Exec-managerial, Unmarried, White, Female,0,0,70, Puerto-Rico, <=50K
53, Private,104413, HS-grad,9, Widowed, Other-service, Unmarried, Black, Female,0,0,20, United-States, <=50K
40, State-gov,199381, Masters,14, Married-civ-spouse, Prof-specialty, Wife, White, Female,15024,0,37, United-States, >50K
17, Private,239947, 11th,7, Never-married, Adm-clerical, Own-child, White, Male,0,0,40, United-States, <=50K
56, Federal-gov,67153, Masters,14, Married-civ-spouse, Exec-managerial, Husband, White, Male,0,0,40, Portugal, >50K
49, Self-emp-not-inc,249585, 11th,7, Married-civ-spouse, Exec-managerial, Husband, White, Male,0,0,65, United-States, <=50K
44, Private,183342, Prof-school,15, Married-civ-spouse, Exec-managerial, Husband, White, Male,0,0,55, United-States, >50K
31, Self-emp-inc,467108, Bachelors,13, Never-married, Prof-specialty, Not-in-family, White, Male,0,0,45, United-States, >50K
23, Private,213811, Bachelors,13, Never-married, Exec-managerial, Own-child, White, Female,0,0,40, United-States, <=50K
18, Private,171088, Some-college,10, Never-married, Sales, Own-child, White, Female,0,0,10, United-States, <=50K
29, Private,135296, Assoc-voc,11, Never-married, Adm-clerical, Own-child, White, Female,0,0,40, United-States, <=50K
57, Private,161964, HS-grad,9, Married-civ-spouse, Craft-repair, Husband, White, Male,0,0,55, United-States, <=50K
33, Private,189710, 7th-8th,4, Married-civ-spouse, Farming-fishing, Husband, White, Male,0,0,45, Mexico, <=50K
39, Private,91996, HS-grad,9, Divorced, Other-service, Unmarried, White, Female,0,0,40, United-States, <=50K
36, Private,130200, HS-grad,9, Divorced, Machine-op-inspct, Unmarried, White, Male,0,0,40, United-States, <=50K
23, Private,225724, Some-college,10, Never-married, Prof-specialty, Own-child, White, Female,0,0,25, United-States, <=50K
37, Private,225504, Masters,14, Never-married, Sales, Not-in-family, White, Male,0,0,50, United-States, <=50K
33, Local-gov,198183, Bachelors,13, Never-married, Prof-specialty, Not-in-family, White, Female,0,0,50, United-States, >50K
33, Private,326104, Some-college,10, Married-civ-spouse, Exec-managerial, Husband, White, Male,0,0,50, United-States, >50K
49, Federal-gov,586657, Bachelors,13, Married-civ-spouse, Exec-managerial, Husband, White, Male,7298,0,40, United-States, >50K
46, Private,377401, HS-grad,9, Married-civ-spouse, Transport-moving, Husband, White, Male,0,1902,70, Canada, >50K
46, Private,503923, HS-grad,9, Married-civ-spouse, Machine-op-inspct, Husband, Black, Male,4386,0,40, United-States, >50K
38, Private,190776, Assoc-acdm,12, Divorced, Craft-repair, Unmarried, White, Female,0,0,40, United-States, <=50K
35, Private,150057, Some-college,10, Married-civ-spouse, Exec-managerial, Husband, White, Male,0,0,40, United-States, >50K
20, ?,144685, Some-college,10, Never-married, ?, Own-child, Asian-Pac-Islander, Female,0,1602,40, Taiwan, <=50K
38, Private,254439, 10th,6, Widowed, Transport-moving, Unmarried, Black, Male,114,0,40, United-States, <=50K
23, Private,246965, Assoc-acdm,12, Never-married, Adm-clerical, Not-in-family, White, Male,0,0,12, United-States, <=50K
33, State-gov,243678, Some-college,10, Never-married, Tech-support, Not-in-family, White, Female,0,0,40, United-States, <=50K
42, Private,31251, Assoc-voc,11, Married-civ-spouse, Sales, Husband, White, Male,0,0,37, United-States, <=50K
70, Self-emp-inc,131699, Bachelors,13, Divorced, Exec-managerial, Unmarried, White, Female,0,0,55, United-States, <=50K
51, State-gov,172022, Masters,14, Never-married, Prof-specialty, Not-in-family, White, Male,0,0,40, United-States, >50K
23, Private,311376, Assoc-voc,11, Never-married, Adm-clerical, Not-in-family, White, Female,0,0,40, United-States, <=50K
36, Private,100681, Some-college,10, Never-married, Adm-clerical, Not-in-family, White, Male,2463,0,40, United-States, <=50K
35, Local-gov,162651, Bachelors,13, Divorced, Prof-specialty, Not-in-family, White, Male,0,0,40, Puerto-Rico, <=50K
17, Private,132636, 11th,7, Never-married, Transport-moving, Own-child, White, Female,0,0,16, United-States, <=50K
60, ?,116961, 7th-8th,4, Widowed, ?, Unmarried, White, Female,0,0,20, United-States, <=50K
66, State-gov,132055, HS-grad,9, Married-civ-spouse, Exec-managerial, Husband, White, Male,0,1825,40, United-States, >50K
33, Private,154981, Bachelors,13, Married-civ-spouse, Adm-clerical, Husband, White, Male,0,1902,50, United-States, >50K
51, Private,99987, 10th,6, Separated, Machine-op-inspct, Unmarried, Black, Female,0,0,40, United-States, <=50K
46, Self-emp-not-inc,131091, Bachelors,13, Married-civ-spouse, Sales, Husband, White, Male,0,1902,40, United-States, >50K
35, Private,187119, Some-college,10, Divorced, Exec-managerial, Not-in-family, White, Female,0,0,70, United-States, <=50K
42, Private,146659, Doctorate,16, Married-civ-spouse, Prof-specialty, Husband, White, Male,0,1902,50, United-States, >50K
59, Private,108765, HS-grad,9, Married-civ-spouse, Transport-moving, Husband, White, Male,0,0,50, United-States, <=50K
33, Local-gov,120508, Bachelors,13, Divorced, Protective-serv, Unmarried, White, Female,0,0,60, Germany, <=50K
53, Private,171924, Bachelors,13, Divorced, Prof-specialty, Not-in-family, White, Male,14344,0,55, United-States, >50K
67, Private,160456, 11th,7, Widowed, Other-service, Not-in-family, White, Female,0,0,40, United-States, <=50K
54, Self-emp-not-inc,212165, HS-grad,9, Married-civ-spouse, Sales, Husband, White, Male,0,0,60, United-States, <=50K
37, Private,193855, HS-grad,9, Married-civ-spouse, Craft-repair, Husband, White, Male,0,1902,50, United-States, <=50K
69, Local-gov,32287, 10th,6, Married-civ-spouse, Transport-moving, Husband, White, Male,0,0,25, United-States, <=50K
47, Self-emp-not-inc,213745, Some-college,10, Divorced, Other-service, Unmarried, White, Female,0,0,45, United-States, <=50K
41, Private,444743, HS-grad,9, Divorced, Tech-support, Unmarried, White, Female,0,0,40, United-States, <=50K
46, Private,202560, Some-college,10, Married-civ-spouse, Adm-clerical, Wife, White, Female,0,0,40, United-States, >50K
24, Private,215712, Some-college,10, Never-married, Other-service, Not-in-family, White, Male,0,0,35, United-States, <=50K
30, Private,38848, HS-grad,9, Married-civ-spouse, Transport-moving, Husband, White, Male,0,0,40, United-States, <=50K
54, ?,133963, HS-grad,9, Widowed, ?, Own-child, White, Female,0,0,40, United-States, <=50K
47, Private,178309, 9th,5, Never-married, Other-service, Unmarried, White, Female,0,0,50, United-States, <=50K
21, Private,107452, HS-grad,9, Never-married, Craft-repair, Other-relative, White, Male,0,0,40, United-States, <=50K
21, Private,40767, Some-college,10, Never-married, Handlers-cleaners, Not-in-family, White, Male,0,0,40, United-States, <=50K
39, Private,509060, Some-college,10, Divorced, Other-service, Not-in-family, White, Male,0,0,40, United-States, <=50K
47, Private,230136, HS-grad,9, Married-civ-spouse, Other-service, Husband, Black, Male,0,0,60, United-States, >50K
51, Self-emp-not-inc,183173, HS-grad,9, Married-civ-spouse, Sales, Husband, White, Male,0,0,40, United-States, >50K
41, Self-emp-inc,114967, Assoc-voc,11, Married-civ-spouse, Exec-managerial, Husband, Black, Male,0,0,40, United-States, >50K
40, Private,99373, 10th,6, Divorced, Machine-op-inspct, Unmarried, White, Female,0,0,40, United-States, <=50K
44, Private,34722, Some-college,10, Married-civ-spouse, Sales, Husband, White, Male,0,0,55, United-States, <=50K
66, ?,222810, Some-college,10, Divorced, ?, Other-relative, White, Female,0,0,35, United-States, <=50K
18, Private,135924, HS-grad,9, Never-married, Adm-clerical, Own-child, White, Male,0,0,20, United-States, <=50K
27, Private,224105, HS-grad,9, Married-civ-spouse, Machine-op-inspct, Husband, White, Male,7298,0,40, United-States, >50K
27, Private,200802, Some-college,10, Never-married, Tech-support, Not-in-family, White, Female,0,0,40, United-States, <=50K
43, Self-emp-inc,175715, HS-grad,9, Never-married, Exec-managerial, Not-in-family, Black, Male,0,0,55, United-States, <=50K
40, Private,134026, 11th,7, Never-married, Other-service, Other-relative, White, Male,0,0,40, United-States, <=50K
31, Private,143653, Assoc-voc,11, Married-civ-spouse, Sales, Husband, White, Male,0,0,50, United-States, <=50K
33, Private,59083, Bachelors,13, Married-civ-spouse, Adm-clerical, Husband, White, Male,0,1902,45, United-States, >50K
46, Private,166003, 11th,7, Married-civ-spouse, Machine-op-inspct, Husband, White, Male,0,0,40, United-States, <=50K
46, ?,206357, 5th-6th,3, Married-civ-spouse, ?, Wife, White, Female,0,0,40, Mexico, <=50K
27, Private,332187, Bachelors,13, Never-married, Adm-clerical, Not-in-family, White, Female,0,0,65, United-States, <=50K
27, Private,57052, HS-grad,9, Married-civ-spouse, Craft-repair, Husband, White, Male,2885,0,40, United-States, <=50K
48, Private,36228, HS-grad,9, Divorced, Transport-moving, Not-in-family, White, Male,0,0,44, United-States, <=50K
18, ?,78567, Some-college,10, Never-married, ?, Own-child, White, Male,0,0,30, United-States, <=50K
34, State-gov,216283, Bachelors,13, Married-civ-spouse, Prof-specialty, Wife, White, Female,0,0,45, United-States, >50K
21, Private,186849, HS-grad,9, Never-married, Handlers-cleaners, Own-child, White, Male,0,0,40, United-States, <=50K
32, Private,37380, Some-college,10, Divorced, Adm-clerical, Unmarried, White, Female,0,0,38, United-States, <=50K
36, Private,105021, Bachelors,13, Married-civ-spouse, Prof-specialty, Husband, White, Male,0,0,55, United-States, <=50K
33, Private,288840, HS-grad,9, Married-spouse-absent, Other-service, Unmarried, Black, Female,0,0,38, United-States, <=50K
21, Private,124242, Assoc-acdm,12, Never-married, Other-service, Own-child, White, Female,0,0,40, United-States, <=50K
33, Self-emp-inc,155781, Some-college,10, Married-civ-spouse, Craft-repair, Husband, White, Male,0,0,60, ?, <=50K
38, Self-emp-not-inc,53628, Assoc-voc,11, Divorced, Exec-managerial, Unmarried, White, Male,0,0,35, United-States, <=50K
36, Private,182074, Some-college,10, Divorced, Adm-clerical, Not-in-family, White, Male,0,0,45, United-States, <=50K
43, Private,180599, Prof-school,15, Married-civ-spouse, Prof-specialty, Husband, White, Male,15024,0,60, United-States, >50K
42, Private,322385, Assoc-voc,11, Married-civ-spouse, Machine-op-inspct, Husband, White, Male,2407,0,40, United-States, <=50K
35, Private,198341, Bachelors,13, Married-civ-spouse, Exec-managerial, Husband, Asian-Pac-Islander, Male,0,0,40, ?, <=50K
34, Private,178951, HS-grad,9, Married-civ-spouse, Sales, Husband, White, Male,0,0,45, United-States, <=50K
46, Private,114032, Some-college,10, Married-civ-spouse, Tech-support, Husband, White, Male,0,1887,45, United-States, >50K
29, Self-emp-not-inc,144063, 7th-8th,4, Married-civ-spouse, Farming-fishing, Husband, White, Male,0,0,72, United-States, <=50K
60, Self-emp-not-inc,205246, HS-grad,9, Never-married, Exec-managerial, Not-in-family, Black, Male,0,2559,50, United-States, >50K
51, Local-gov,114508, 9th,5, Separated, Other-service, Other-relative, White, Female,0,0,40, United-States, <=50K
37, Private,201259, 11th,7, Divorced, Transport-moving, Not-in-family, White, Male,0,0,65, United-States, <=50K
65, Private,469602, Bachelors,13, Married-civ-spouse, Sales, Husband, White, Male,0,0,15, United-States, <=50K
31, Private,164309, Some-college,10, Divorced, Adm-clerical, Unmarried, White, Female,0,0,38, United-States, <=50K
34, Private,164748, HS-grad,9, Married-civ-spouse, Craft-repair, Husband, White, Male,0,0,40, United-States, <=50K
37, State-gov,191779, Some-college,10, Married-civ-spouse, Craft-repair, Husband, White, Male,0,0,40, United-States, <=50K
25, Self-emp-inc,98756, Some-college,10, Divorced, Adm-clerical, Own-child, White, Female,0,0,50, United-States, <=50K
28, ?,131310, 12th,8, Married-civ-spouse, ?, Wife, White, Female,0,0,20, Germany, <=50K
43, Private,186396, 9th,5, Never-married, Machine-op-inspct, Not-in-family, White, Female,0,0,20, United-States, <=50K
26, Self-emp-not-inc,253899, Bachelors,13, Divorced, Sales, Not-in-family, White, Male,0,0,40, United-States, <=50K
65, Local-gov,323006, HS-grad,9, Widowed, Other-service, Unmarried, Black, Female,0,0,25, United-States, <=50K
57, Private,250201, HS-grad,9, Widowed, Transport-moving, Unmarried, White, Male,0,0,50, United-States, <=50K
24, Private,388093, Bachelors,13, Never-married, Exec-managerial, Not-in-family, Black, Male,0,0,40, United-States, <=50K
21, Local-gov,596776, Some-college,10, Never-married, Adm-clerical, Own-child, White, Male,0,0,40, Guatemala, <=50K
33, Self-emp-not-inc,67482, Assoc-voc,11, Divorced, Other-service, Unmarried, White, Female,0,0,99, United-States, <=50K
45, Self-emp-not-inc,174426, Some-college,10, Never-married, Prof-specialty, Not-in-family, White, Male,0,0,35, United-States, <=50K
35, Private,165767, Some-college,10, Married-civ-spouse, Machine-op-inspct, Husband, White, Male,0,0,40, United-States, <=50K
43, Local-gov,96102, Some-college,10, Married-civ-spouse, Protective-serv, Husband, White, Male,0,1887,40, United-States, >50K
23, Private,182117, Assoc-acdm,12, Never-married, Other-service, Own-child, White, Male,0,0,60, United-States, <=50K
19, Private,111232, 12th,8, Never-married, Transport-moving, Own-child, White, Male,0,0,15, United-States, <=50K
38, Private,204527, HS-grad,9, Married-civ-spouse, Craft-repair, Husband, White, Male,0,0,50, United-States, <=50K
23, Private,302195, Bachelors,13, Married-civ-spouse, Prof-specialty, Husband, White, Male,0,0,40, United-States, <=50K
19, Private,282698, 7th-8th,4, Never-married, Adm-clerical, Own-child, White, Male,0,0,80, United-States, <=50K
47, Self-emp-not-inc,248776, Masters,14, Never-married, Exec-managerial, Not-in-family, Black, Male,0,0,25, United-States, <=50K
51, Private,166934, HS-grad,9, Married-civ-spouse, Machine-op-inspct, Husband, White, Male,0,0,40, United-States, >50K
54, State-gov,137065, Doctorate,16, Never-married, Exec-managerial, Not-in-family, White, Female,0,0,40, United-States, >50K
21, ?,152328, Some-college,10, Never-married, ?, Own-child, White, Male,0,0,20, United-States, <=50K
58, Private,203735, HS-grad,9, Divorced, Exec-managerial, Unmarried, White, Female,0,0,40, United-States, <=50K
51, Local-gov,193720, HS-grad,9, Married-spouse-absent, Handlers-cleaners, Unmarried, White, Male,0,0,40, United-States, <=50K
64, Federal-gov,161926, HS-grad,9, Married-civ-spouse, Prof-specialty, Husband, White, Male,0,0,8, United-States, <=50K
34, Federal-gov,198265, Bachelors,13, Married-civ-spouse, Protective-serv, Husband, White, Male,0,0,60, United-States, <=50K
43, Private,154076, Some-college,10, Married-civ-spouse, Handlers-cleaners, Husband, White, Male,0,0,40, United-States, >50K
43, Private,122975, HS-grad,9, Married-civ-spouse, Machine-op-inspct, Wife, Black, Female,0,0,21, Trinadad&Tobago, <=50K
34, Private,174789, Some-college,10, Married-civ-spouse, Other-service, Husband, White, Male,0,0,50, United-States, <=50K
38, Private,159179, HS-grad,9, Married-civ-spouse, Craft-repair, Husband, White, Male,0,0,40, United-States, <=50K
21, Private,321666, HS-grad,9, Never-married, Craft-repair, Own-child, White, Male,594,0,40, United-States, <=50K
49, Federal-gov,179869, HS-grad,9, Married-civ-spouse, Craft-repair, Husband, White, Male,0,0,40, United-States, >50K
39, Local-gov,139364, Bachelors,13, Married-civ-spouse, Prof-specialty, Husband, White, Male,0,0,35, United-States, >50K
32, State-gov,542265, HS-grad,9, Never-married, Adm-clerical, Not-in-family, White, Female,0,0,40, United-States, <=50K
33, Local-gov,224185, HS-grad,9, Married-civ-spouse, Craft-repair, Husband, White, Male,0,0,40, United-States, <=50K
18, Private,131033, 11th,7, Never-married, Other-service, Other-relative, Black, Male,0,0,15, United-States, <=50K
38, Private,38312, Bachelors,13, Married-civ-spouse, Exec-managerial, Husband, White, Male,15024,0,65, United-States, >50K
51, Private,106819, 7th-8th,4, Never-married, Handlers-cleaners, Own-child, White, Male,0,0,19, United-States, <=50K
45, Private,199590, 5th-6th,3, Married-civ-spouse, Transport-moving, Husband, White, Male,0,0,38, Mexico, <=50K
32, Private,107218, Bachelors,13, Never-married, Adm-clerical, Not-in-family, Asian-Pac-Islander, Male,0,0,40, United-States, <=50K
35, Private,314897, 7th-8th,4, Married-civ-spouse, Craft-repair, Husband, White, Male,0,0,40, Puerto-Rico, <=50K
22, Private,64292, HS-grad,9, Never-married, Tech-support, Not-in-family, White, Female,0,0,40, United-States, <=50K
57, Private,170411, Bachelors,13, Married-civ-spouse, Protective-serv, Husband, White, Male,0,0,40, United-States, >50K
54, Private,145098, Some-college,10, Married-civ-spouse, Sales, Husband, White, Male,0,0,40, United-States, >50K
57, Private,69884, HS-grad,9, Married-civ-spouse, Sales, Husband, White, Male,0,0,40, United-States, >50K
37, Private,215392, Bachelors,13, Divorced, Prof-specialty, Not-in-family, White, Female,0,0,40, United-States, <=50K
28, Private,230856, Some-college,10, Never-married, Prof-specialty, Not-in-family, Black, Female,3325,0,50, United-States, <=50K
48, Private,25468, Masters,14, Divorced, Exec-managerial, Not-in-family, White, Male,99999,0,50, United-States, >50K
59, Self-emp-not-inc,128105, HS-grad,9, Married-civ-spouse, Farming-fishing, Husband, White, Male,0,0,35, United-States, <=50K
25, Private,306352, Assoc-voc,11, Married-civ-spouse, Tech-support, Husband, White, Male,0,0,40, Mexico, <=50K
38, State-gov,220421, Bachelors,13, Never-married, Exec-managerial, Not-in-family, White, Female,0,0,40, United-States, <=50K
24, Private,373718, Some-college,10, Never-married, Farming-fishing, Not-in-family, White, Male,0,0,20, United-States, <=50K
17, Private,79682, 10th,6, Never-married, Priv-house-serv, Other-relative, White, Male,0,0,30, United-States, <=50K
50, Private,271160, Some-college,10, Divorced, Sales, Not-in-family, White, Female,0,0,40, United-States, <=50K
34, Private,175878, HS-grad,9, Married-civ-spouse, Sales, Husband, White, Female,0,0,40, United-States, <=50K
27, Private,194590, Assoc-acdm,12, Married-civ-spouse, Adm-clerical, Wife, Black, Female,0,0,25, United-States, <=50K
45, Private,50163, HS-grad,9, Divorced, Other-service, Not-in-family, White, Female,0,0,30, United-States, <=50K
45, Local-gov,192793, Some-college,10, Married-civ-spouse, Protective-serv, Husband, White, Male,0,0,40, United-States, >50K
23, Private,289909, Some-college,10, Never-married, Adm-clerical, Not-in-family, White, Male,0,0,45, United-States, <=50K
49, Local-gov,116892, Bachelors,13, Divorced, Prof-specialty, Not-in-family, Black, Female,0,0,40, United-States, <=50K
17, ?,303317, 11th,7, Never-married, ?, Own-child, White, Male,0,0,40, United-States, <=50K
34, Private,110622, Bachelors,13, Never-married, Exec-managerial, Not-in-family, Asian-Pac-Islander, Female,0,0,40, Philippines, <=50K
40, Self-emp-not-inc,335549, Prof-school,15, Never-married, Prof-specialty, Not-in-family, White, Male,0,2444,45, United-States, >50K
21, Private,249727, HS-grad,9, Never-married, Other-service, Own-child, White, Male,0,0,22, United-States, <=50K
51, Private,339905, HS-grad,9, Married-civ-spouse, Sales, Husband, White, Male,7688,0,40, United-States, >50K
36, Private,461337, Some-college,10, Married-civ-spouse, Adm-clerical, Wife, White, Female,0,0,40, United-States, <=50K
37, Private,405644, 1st-4th,2, Married-spouse-absent, Farming-fishing, Other-relative, White, Male,0,0,77, Mexico, <=50K
51, Private,162944, HS-grad,9, Married-civ-spouse, Craft-repair, Husband, White, Male,0,0,40, United-States, <=50K
46, Private,471990, HS-grad,9, Married-civ-spouse, Transport-moving, Husband, Black, Male,0,0,46, United-States, >50K
38, Local-gov,421446, Bachelors,13, Married-civ-spouse, Exec-managerial, Husband, Black, Male,0,0,50, United-States, >50K
27, Private,193898, HS-grad,9, Divorced, Craft-repair, Not-in-family, White, Male,0,0,50, United-States, <=50K
75, Private,95985, 5th-6th,3, Widowed, Other-service, Unmarried, Black, Male,0,0,10, United-States, <=50K
50, Local-gov,74660, Some-college,10, Widowed, Prof-specialty, Unmarried, White, Male,0,0,40, United-States, <=50K
63, State-gov,99823, Some-college,10, Married-civ-spouse, Protective-serv, Husband, White, Male,0,0,32, United-States, <=50K
36, Private,184498, 11th,7, Married-civ-spouse, Craft-repair, Husband, White, Male,0,0,40, United-States, <=50K
19, Private,361341, 12th,8, Never-married, Prof-specialty, Not-in-family, Asian-Pac-Islander, Female,0,0,25, Thailand, <=50K
29, Private,270379, HS-grad,9, Never-married, Exec-managerial, Unmarried, Black, Female,0,0,40, United-States, <=50K
41, Private,237452, Bachelors,13, Married-civ-spouse, Prof-specialty, Wife, White, Female,0,0,15, Cuba, >50K
55, Private,181220, HS-grad,9, Married-civ-spouse, Exec-managerial, Husband, White, Male,0,0,50, United-States, <=50K
32, Self-emp-not-inc,52647, 10th,6, Married-civ-spouse, Exec-managerial, Husband, White, Male,0,0,45, United-States, <=50K
25, Private,71351, 1st-4th,2, Never-married, Other-service, Other-relative, White, Male,0,0,25, El-Salvador, <=50K
57, State-gov,109015, 12th,8, Divorced, Other-service, Unmarried, White, Female,0,0,40, United-States, <=50K
21, Private,305781, HS-grad,9, Never-married, Handlers-cleaners, Unmarried, White, Male,0,0,45, United-States, <=50K
50, Self-emp-inc,119099, Some-college,10, Married-civ-spouse, Exec-managerial, Husband, White, Male,0,0,99, United-States, >50K
67, Private,35015, Masters,14, Never-married, Prof-specialty, Not-in-family, White, Male,0,0,99, United-States, <=50K
27, Private,288341, HS-grad,9, Never-married, Machine-op-inspct, Own-child, White, Female,0,0,32, United-States, <=50K
18, Private,116528, Some-college,10, Never-married, Craft-repair, Not-in-family, White, Male,0,0,30, United-States, <=50K
37, Private,186035, Assoc-acdm,12, Married-civ-spouse, Craft-repair, Husband, White, Male,0,0,55, United-States, <=50K
39, State-gov,55568, HS-grad,9, Married-civ-spouse, Adm-clerical, Wife, White, Female,0,0,40, United-States, <=50K
45, Self-emp-not-inc,40690, Some-college,10, Never-married, Farming-fishing, Own-child, White, Male,0,0,75, United-States, <=50K
39, Private,149943, Masters,14, Never-married, Sales, Not-in-family, Asian-Pac-Islander, Male,0,0,40, China, <=50K
30, ?,103651, 11th,7, Married-civ-spouse, ?, Husband, White, Male,0,0,35, United-States, <=50K
25, Local-gov,124483, Bachelors,13, Never-married, Adm-clerical, Not-in-family, Asian-Pac-Islander, Male,0,0,20, India, <=50K
24, Private,172987, Bachelors,13, Married-civ-spouse, Tech-support, Husband, White, Male,0,0,50, United-States, <=50K
48, Local-gov,383384, HS-grad,9, Married-civ-spouse, Craft-repair, Husband, White, Male,0,0,60, United-States, <=50K
36, Private,269722, Masters,14, Married-civ-spouse, Other-service, Husband, White, Male,0,0,40, United-States, <=50K
35, Private,208378, 12th,8, Separated, Machine-op-inspct, Unmarried, White, Female,0,0,40, United-States, <=50K
48, Private,62605, HS-grad,9, Divorced, Adm-clerical, Not-in-family, White, Female,0,0,35, United-States, <=50K
29, Self-emp-not-inc,164607, Assoc-voc,11, Married-civ-spouse, Farming-fishing, Husband, White, Male,0,0,50, United-States, <=50K
17, Self-emp-inc,61838, 10th,6, Never-married, Craft-repair, Own-child, White, Male,0,0,40, United-States, <=50K
47, Private,102583, HS-grad,9, Married-civ-spouse, Sales, Husband, White, Male,0,0,30, United-States, >50K
24, ?,33339, Some-college,10, Never-married, ?, Own-child, White, Male,0,0,20, United-States, <=50K
56, Private,146326, HS-grad,9, Married-civ-spouse, Transport-moving, Husband, White, Male,0,0,50, United-States, <=50K
28, Private,156300, Masters,14, Never-married, Exec-managerial, Not-in-family, Black, Female,0,0,45, United-States, <=50K
38, Private,103925, HS-grad,9, Married-civ-spouse, Adm-clerical, Wife, White, Female,0,0,40, United-States, >50K
28, Private,189346, HS-grad,9, Divorced, Craft-repair, Not-in-family, White, Male,0,0,45, United-States, <=50K
58, Self-emp-not-inc,331474, HS-grad,9, Married-civ-spouse, Adm-clerical, Wife, White, Female,0,0,20, United-States, >50K
37, Private,99146, Bachelors,13, Married-civ-spouse, Sales, Husband, White, Male,0,0,60, United-States, >50K
26, Private,102476, Bachelors,13, Married-civ-spouse, Exec-managerial, Husband, White, Male,0,0,40, United-States, <=50K
22, Private,137876, Some-college,10, Never-married, Protective-serv, Not-in-family, White, Male,0,0,20, United-States, <=50K
42, Federal-gov,65950, HS-grad,9, Divorced, Adm-clerical, Unmarried, Black, Female,0,0,40, United-States, <=50K
34, Local-gov,205704, Masters,14, Never-married, Prof-specialty, Not-in-family, White, Male,0,0,35, United-States, <=50K
19, Private,184710, Some-college,10, Never-married, Tech-support, Own-child, White, Male,0,0,30, United-States, <=50K
47, Private,139145, Some-college,10, Divorced, Adm-clerical, Not-in-family, White, Female,0,0,60, United-States, <=50K
28, Private,23324, Some-college,10, Never-married, Handlers-cleaners, Not-in-family, White, Male,0,0,40, United-States, <=50K
21, Private,252024, HS-grad,9, Never-married, Handlers-cleaners, Other-relative, White, Male,0,0,20, Mexico, <=50K
33, Private,184016, HS-grad,9, Never-married, Transport-moving, Not-in-family, White, Male,0,0,40, United-States, <=50K
36, Local-gov,380614, Bachelors,13, Married-civ-spouse, Adm-clerical, Wife, White, Female,0,0,35, Germany, >50K
30, Self-emp-not-inc,229741, HS-grad,9, Married-civ-spouse, Craft-repair, Husband, White, Male,0,0,40, United-States, <=50K
59, Self-emp-not-inc,70623, 7th-8th,4, Married-civ-spouse, Sales, Husband, White, Male,0,0,85, United-States, <=50K
24, State-gov,147253, Some-college,10, Never-married, Tech-support, Not-in-family, White, Male,0,0,50, United-States, <=50K
51, Local-gov,74784, Some-college,10, Widowed, Adm-clerical, Not-in-family, White, Female,0,0,40, United-States, <=50K
48, Local-gov,115497, Some-college,10, Married-civ-spouse, Exec-managerial, Husband, White, Male,0,0,40, United-States, <=50K
61, Self-emp-inc,98350, Doctorate,16, Married-civ-spouse, Exec-managerial, Husband, Asian-Pac-Islander, Male,0,0,40, Taiwan, >50K
53, Private,223660, HS-grad,9, Widowed, Machine-op-inspct, Not-in-family, White, Male,6849,0,40, United-States, <=50K
22, Private,310152, Some-college,10, Never-married, Other-service, Not-in-family, White, Male,3325,0,40, United-States, <=50K
64, Self-emp-not-inc,106538, Masters,14, Divorced, Prof-specialty, Not-in-family, White, Male,0,0,50, United-States, <=50K
25, State-gov,152035, Assoc-acdm,12, Never-married, Adm-clerical, Own-child, White, Female,0,0,40, United-States, <=50K
60, Private,51290, 7th-8th,4, Divorced, Other-service, Not-in-family, White, Female,0,0,40, United-States, <=50K
44, Private,100584, HS-grad,9, Married-civ-spouse, Machine-op-inspct, Husband, Amer-Indian-Eskimo, Male,0,0,40, United-States, <=50K
34, Self-emp-not-inc,353881, HS-grad,9, Married-civ-spouse, Exec-managerial, Husband, White, Male,0,0,60, United-States, <=50K
39, Private,127772, HS-grad,9, Married-civ-spouse, Craft-repair, Husband, White, Male,0,0,40, United-States, <=50K
32, Private,262153, HS-grad,9, Divorced, Craft-repair, Unmarried, White, Male,0,0,35, United-States, <=50K
17, Private,142457, 11th,7, Never-married, Other-service, Own-child, Black, Male,0,0,20, United-States, <=50K
30, Private,257849, 7th-8th,4, Married-civ-spouse, Craft-repair, Husband, White, Male,0,0,48, United-States, <=50K
18, Private,334676, HS-grad,9, Never-married, Handlers-cleaners, Own-child, White, Male,0,0,25, United-States, <=50K
56, Private,192869, Masters,14, Married-civ-spouse, Craft-repair, Husband, White, Male,0,1977,44, United-States, >50K
40, Private,264663, Bachelors,13, Never-married, Prof-specialty, Own-child, White, Female,0,0,60, United-States, <=50K
61, Private,149653, HS-grad,9, Married-civ-spouse, Exec-managerial, Husband, White, Male,0,0,50, United-States, <=50K
31, Private,165148, HS-grad,9, Separated, Exec-managerial, Unmarried, White, Female,0,0,12, United-States, <=50K
40, State-gov,151038, Bachelors,13, Divorced, Craft-repair, Not-in-family, White, Male,0,0,40, United-States, <=50K
36, Private,248010, HS-grad,9, Married-civ-spouse, Adm-clerical, Husband, White, Male,0,0,45, United-States, <=50K
29, Private,40083, Doctorate,16, Never-married, Prof-specialty, Not-in-family, White, Male,0,0,40, Canada, <=50K
19, Private,100999, Bachelors,13, Never-married, Prof-specialty, Own-child, White, Female,0,0,30, United-States, <=50K
49, State-gov,213307, Some-college,10, Married-civ-spouse, Prof-specialty, Husband, White, Male,0,0,40, United-States, <=50K
37, Private,256636, HS-grad,9, Married-civ-spouse, Transport-moving, Husband, White, Male,0,0,40, United-States, <=50K
43, Private,143582, 5th-6th,3, Married-civ-spouse, Machine-op-inspct, Wife, Asian-Pac-Islander, Female,0,2129,72, ?, <=50K
40, Local-gov,157240, Bachelors,13, Divorced, Prof-specialty, Unmarried, White, Female,0,0,70, United-States, <=50K
52, Private,46788, Bachelors,13, Divorced, Craft-repair, Unmarried, White, Male,0,0,25, United-States, <=50K
34, Private,200192, Some-college,10, Never-married, Other-service, Not-in-family, White, Female,0,0,40, United-States, <=50K
58, Private,374108, Some-college,10, Divorced, Prof-specialty, Unmarried, White, Female,0,0,40, United-States, <=50K
36, ?,187203, Assoc-voc,11, Divorced, ?, Own-child, White, Male,0,0,50, United-States, <=50K
34, Private,286675, HS-grad,9, Married-civ-spouse, Transport-moving, Husband, White, Male,0,0,40, United-States, <=50K
23, Local-gov,314819, HS-grad,9, Never-married, Transport-moving, Own-child, White, Male,0,0,40, United-States, <=50K
50, Private,162632, HS-grad,9, Married-civ-spouse, Craft-repair, Husband, White, Male,0,0,2, United-States, <=50K
70, Local-gov,88638, Masters,14, Never-married, Prof-specialty, Unmarried, White, Female,7896,0,50, United-States, >50K
23, Private,190290, Bachelors,13, Never-married, Prof-specialty, Own-child, White, Male,0,0,40, United-States, <=50K
42, State-gov,293791, Bachelors,13, Married-civ-spouse, Exec-managerial, Husband, White, Male,0,0,50, United-States, >50K
58, Self-emp-not-inc,165315, HS-grad,9, Married-civ-spouse, Sales, Husband, White, Male,0,0,35, United-States, >50K
24, State-gov,61737, Bachelors,13, Never-married, Prof-specialty, Not-in-family, White, Male,0,0,40, United-States, <=50K
27, Private,198346, Bachelors,13, Divorced, Adm-clerical, Not-in-family, White, Female,0,0,35, United-States, <=50K
55, Private,98361, Masters,14, Married-civ-spouse, Prof-specialty, Husband, White, Male,15024,0,50, ?, >50K
33, Private,229732, Bachelors,13, Never-married, Sales, Not-in-family, White, Male,0,0,45, United-States, >50K
63, ?,203821, HS-grad,9, Married-civ-spouse, ?, Husband, White, Male,0,0,40, United-States, <=50K
28, Private,191088, Bachelors,13, Married-civ-spouse, Exec-managerial, Wife, White, Female,0,0,40, United-States, >50K
36, Private,143068, Some-college,10, Divorced, Craft-repair, Unmarried, White, Male,0,0,40, United-States, <=50K
25, Private,164229, HS-grad,9, Divorced, Other-service, Not-in-family, White, Male,2597,0,40, United-States, <=50K
22, Private,180060, Bachelors,13, Never-married, Exec-managerial, Unmarried, White, Male,0,0,40, United-States, <=50K
38, Private,196123, HS-grad,9, Married-civ-spouse, Craft-repair, Husband, White, Male,0,0,50, United-States, <=50K
34, Private,112115, Prof-school,15, Married-civ-spouse, Prof-specialty, Husband, White, Male,0,1977,55, United-States, >50K
36, Private,416745, Bachelors,13, Married-civ-spouse, Prof-specialty, Husband, White, Male,0,0,40, United-States, <=50K
70, Private,405362, 7th-8th,4, Widowed, Other-service, Unmarried, Black, Female,0,0,38, United-States, <=50K
39, Private,191161, Some-college,10, Married-civ-spouse, Craft-repair, Husband, White, Male,0,0,40, United-States, <=50K
39, Private,370795, HS-grad,9, Never-married, Adm-clerical, Unmarried, Black, Female,0,0,40, United-States, <=50K
24, State-gov,27939, Some-college,10, Married-civ-spouse, Other-service, Husband, Asian-Pac-Islander, Male,0,0,24, ?, <=50K
55, Local-gov,143949, Masters,14, Married-civ-spouse, Prof-specialty, Wife, White, Female,3103,0,45, United-States, >50K
51, Private,673764, Assoc-voc,11, Married-civ-spouse, Exec-managerial, Husband, White, Male,0,0,50, United-States, >50K
52, Private,386397, Bachelors,13, Married-civ-spouse, Exec-managerial, Husband, White, Male,0,0,45, United-States, >50K
23, Private,103064, Bachelors,13, Never-married, Tech-support, Not-in-family, White, Female,0,0,40, United-States, <=50K
18, Private,31983, 12th,8, Never-married, Adm-clerical, Own-child, White, Female,0,0,20, United-States, <=50K
42, Private,156526, Some-college,10, Never-married, Tech-support, Not-in-family, White, Male,0,0,33, United-States, <=50K
19, ?,252292, HS-grad,9, Never-married, ?, Own-child, White, Male,0,0,40, United-States, <=50K
33, State-gov,175023, HS-grad,9, Married-civ-spouse, Protective-serv, Husband, White, Male,0,0,37, United-States, <=50K
50, Private,104501, Masters,14, Married-civ-spouse, Prof-specialty, Husband, White, Male,0,0,40, United-States, >50K
34, State-gov,190290, Bachelors,13, Married-civ-spouse, Prof-specialty, Husband, White, Male,0,0,38, United-States, >50K
42, State-gov,136996, Some-college,10, Married-civ-spouse, Protective-serv, Husband, Black, Male,0,0,48, United-States, <=50K
31, Private,291702, HS-grad,9, Married-civ-spouse, Craft-repair, Husband, White, Male,0,0,40, United-States, <=50K
50, Private,172942, Some-college,10, Divorced, Other-service, Own-child, White, Male,0,0,28, United-States, <=50K
33, Private,99339, Assoc-acdm,12, Divorced, Adm-clerical, Not-in-family, White, Female,0,880,40, United-States, <=50K
22, Private,237498, HS-grad,9, Never-married, Other-service, Own-child, White, Male,0,0,40, United-States, <=50K
71, State-gov,100063, HS-grad,9, Married-civ-spouse, Craft-repair, Husband, Black, Male,0,0,40, United-States, <=50K
55, Private,156797, Some-college,10, Divorced, Machine-op-inspct, Not-in-family, White, Female,0,0,40, United-States, <=50K
23, Private,199336, Assoc-voc,11, Never-married, Craft-repair, Unmarried, White, Male,0,0,50, United-States, <=50K
33, Private,226267, 7th-8th,4, Never-married, Sales, Not-in-family, White, Male,0,0,43, Mexico, <=50K
31, Private,191834, Some-college,10, Married-civ-spouse, Craft-repair, Husband, White, Male,0,0,40, United-States, >50K
30, Private,149787, Some-college,10, Married-civ-spouse, Handlers-cleaners, Husband, White, Male,0,0,40, United-States, <=50K
31, State-gov,157673, HS-grad,9, Married-civ-spouse, Farming-fishing, Husband, White, Male,0,0,40, United-States, <=50K
21, Private,212619, Assoc-voc,11, Never-married, Machine-op-inspct, Own-child, White, Male,0,0,40, United-States, <=50K
30, Private,30226, 11th,7, Divorced, Sales, Own-child, White, Male,0,0,40, United-States, <=50K
53, Private,142411, Assoc-voc,11, Divorced, Prof-specialty, Unmarried, White, Female,0,0,40, United-States, <=50K
54, Private,240542, Some-college,10, Divorced, Sales, Unmarried, White, Female,0,0,48, United-States, <=50K
23, State-gov,142547, HS-grad,9, Married-civ-spouse, Exec-managerial, Husband, White, Male,0,0,40, United-States, <=50K
51, Private,215854, Bachelors,13, Divorced, Prof-specialty, Not-in-family, White, Female,0,0,50, United-States, <=50K
36, Private,132879, 1st-4th,2, Married-civ-spouse, Handlers-cleaners, Husband, White, Male,0,0,40, Italy, <=50K
37, Private,329980, Masters,14, Married-civ-spouse, Exec-managerial, Husband, White, Male,0,2415,60, United-States, >50K
26, Private,171114, Bachelors,13, Never-married, Exec-managerial, Own-child, White, Female,0,0,40, United-States, <=50K
73, ?,90557, 11th,7, Married-civ-spouse, ?, Husband, White, Male,0,0,8, United-States, <=50K
42, Local-gov,281315, Bachelors,13, Never-married, Prof-specialty, Not-in-family, White, Male,0,0,50, United-States, <=50K
68, Private,213720, HS-grad,9, Married-civ-spouse, Sales, Husband, White, Male,0,0,40, United-States, <=50K
65, Private,192133, HS-grad,9, Married-civ-spouse, Craft-repair, Husband, White, Male,2290,0,40, Greece, <=50K
36, Local-gov,109766, Bachelors,13, Never-married, Protective-serv, Not-in-family, White, Male,0,0,60, United-States, <=50K
37, Self-emp-inc,27997, HS-grad,9, Never-married, Transport-moving, Not-in-family, White, Male,0,0,50, United-States, <=50K
37, Private,226947, Assoc-voc,11, Married-civ-spouse, Craft-repair, Husband, White, Male,0,0,40, United-States, >50K
52, Private,111700, Some-college,10, Divorced, Sales, Other-relative, White, Female,0,0,20, United-States, >50K
23, Private,184813, Some-college,10, Married-civ-spouse, Other-service, Husband, White, Male,0,0,20, United-States, <=50K
43, Private,219307, 9th,5, Divorced, Transport-moving, Not-in-family, Black, Male,0,0,40, United-States, <=50K
28, Private,209109, Bachelors,13, Married-civ-spouse, Other-service, Husband, White, Male,0,0,50, United-States, <=50K
32, Private,237478, 11th,7, Divorced, Machine-op-inspct, Unmarried, White, Female,0,0,40, United-States, <=50K
47, Self-emp-inc,483596, HS-grad,9, Married-civ-spouse, Exec-managerial, Husband, White, Male,2885,0,32, United-States, <=50K
30, ?,108464, Some-college,10, Married-civ-spouse, ?, Husband, White, Male,0,0,40, United-States, <=50K
27, Private,217379, Some-college,10, Divorced, Prof-specialty, Own-child, White, Female,0,0,40, United-States, <=50K
55, Private,147653, Bachelors,13, Divorced, Adm-clerical, Unmarried, White, Female,0,0,73, United-States, <=50K
22, Private,94662, Assoc-voc,11, Never-married, Craft-repair, Not-in-family, White, Male,0,0,44, United-States, <=50K
75, Self-emp-not-inc,184335, 11th,7, Married-civ-spouse, Exec-managerial, Husband, White, Male,0,0,30, United-States, <=50K
32, Private,188154, Some-college,10, Divorced, Machine-op-inspct, Unmarried, White, Female,0,0,40, United-States, <=50K
34, State-gov,118551, Bachelors,13, Married-civ-spouse, Tech-support, Own-child, White, Female,5178,0,25, ?, >50K
36, Local-gov,312785, Bachelors,13, Never-married, Prof-specialty, Own-child, Black, Male,0,0,35, United-States, <=50K
20, Private,218178, HS-grad,9, Never-married, Handlers-cleaners, Not-in-family, White, Male,0,0,40, United-States, <=50K
41, Private,29762, Some-college,10, Married-civ-spouse, Craft-repair, Husband, White, Male,0,0,60, United-States, <=50K
34, Private,195136, Bachelors,13, Married-civ-spouse, Prof-specialty, Wife, White, Female,0,1887,40, United-States, >50K
22, Private,283499, HS-grad,9, Never-married, Transport-moving, Not-in-family, White, Male,0,0,35, United-States, <=50K
39, Private,134367, Masters,14, Married-civ-spouse, Prof-specialty, Wife, White, Female,0,1977,24, United-States, >50K
51, Private,24185, Bachelors,13, Married-civ-spouse, Craft-repair, Husband, White, Male,0,0,40, United-States, >50K
31, Federal-gov,351141, HS-grad,9, Married-civ-spouse, Tech-support, Husband, White, Male,0,0,40, United-States, <=50K
36, Self-emp-not-inc,321274, Bachelors,13, Married-civ-spouse, Farming-fishing, Husband, White, Male,0,0,50, United-States, <=50K
61, ?,161279, HS-grad,9, Widowed, ?, Not-in-family, White, Female,0,0,36, United-States, <=50K
22, Private,88126, Bachelors,13, Never-married, Exec-managerial, Own-child, White, Male,0,0,40, United-States, <=50K
73, State-gov,96262, HS-grad,9, Widowed, Adm-clerical, Not-in-family, White, Female,0,0,40, United-States, <=50K
48, Local-gov,145886, Bachelors,13, Divorced, Prof-specialty, Unmarried, White, Female,0,0,60, United-States, <=50K
50, Private,162327, Some-college,10, Married-civ-spouse, Handlers-cleaners, Husband, White, Male,0,0,50, United-States, <=50K
58, Private,322013, HS-grad,9, Married-civ-spouse, Craft-repair, Husband, White, Male,0,0,40, United-States, <=50K
43, Federal-gov,211763, Doctorate,16, Separated, Prof-specialty, Unmarried, Black, Female,0,0,24, United-States, >50K
34, Private,156464, Bachelors,13, Divorced, Exec-managerial, Not-in-family, White, Male,0,0,85, England, >50K
50, Private,194231, Masters,14, Divorced, Sales, Not-in-family, White, Female,0,0,40, United-States, >50K
28, Private,328949, Prof-school,15, Married-civ-spouse, Prof-specialty, Husband, White, Male,0,0,60, United-States, <=50K
48, Private,167009, Some-college,10, Divorced, Adm-clerical, Not-in-family, White, Female,0,0,48, United-States, <=50K
46, Private,243190, HS-grad,9, Married-civ-spouse, Adm-clerical, Wife, White, Female,7688,0,40, United-States, >50K
49, Private,116143, HS-grad,9, Married-civ-spouse, Machine-op-inspct, Husband, White, Male,0,0,40, United-States, <=50K
65, Private,209831, Assoc-voc,11, Married-civ-spouse, Adm-clerical, Wife, White, Female,0,0,40, United-States, <=50K
43, Private,113324, HS-grad,9, Married-civ-spouse, Craft-repair, Husband, White, Male,0,1902,40, United-States, >50K
27, Private,69132, Bachelors,13, Never-married, Prof-specialty, Not-in-family, White, Male,0,0,40, United-States, <=50K
53, Self-emp-not-inc,135339, Bachelors,13, Married-civ-spouse, Exec-managerial, Husband, Asian-Pac-Islander, Male,7688,0,20, China, >50K
35, Private,23621, HS-grad,9, Never-married, Craft-repair, Not-in-family, White, Male,0,0,70, United-States, <=50K
34, Private,258666, Assoc-voc,11, Never-married, Tech-support, Not-in-family, White, Female,0,1974,40, United-States, <=50K
30, Private,81282, HS-grad,9, Never-married, Other-service, Unmarried, White, Female,0,0,40, United-States, <=50K
35, Private,241306, HS-grad,9, Married-civ-spouse, Adm-clerical, Husband, White, Male,0,0,45, United-States, <=50K
40, Local-gov,55363, HS-grad,9, Married-civ-spouse, Transport-moving, Husband, White, Male,0,0,40, United-States, <=50K
23, Private,37783, Some-college,10, Never-married, Sales, Own-child, White, Female,0,0,40, United-States, <=50K
51, Private,178241, HS-grad,9, Married-civ-spouse, Machine-op-inspct, Husband, Black, Male,0,0,40, United-States, >50K
42, Private,255847, HS-grad,9, Married-civ-spouse, Machine-op-inspct, Husband, White, Male,4386,0,48, United-States, >50K
22, Private,290504, HS-grad,9, Never-married, Other-service, Other-relative, White, Male,0,0,40, United-States, <=50K
55, Self-emp-not-inc,99551, Bachelors,13, Widowed, Sales, Unmarried, White, Female,0,0,15, United-States, <=50K
30, Federal-gov,164552, Bachelors,13, Never-married, Prof-specialty, Not-in-family, White, Male,0,1876,40, United-States, <=50K
55, Private,325007, Assoc-acdm,12, Married-civ-spouse, Tech-support, Husband, White, Male,0,0,25, United-States, <=50K
38, Private,127865, Masters,14, Never-married, Adm-clerical, Unmarried, White, Female,0,0,40, United-States, <=50K
20, Private,170091, Some-college,10, Never-married, Adm-clerical, Own-child, White, Female,0,0,10, United-States, <=50K
90, Private,250832, 10th,6, Married-civ-spouse, Exec-managerial, Husband, White, Male,0,0,40, United-States, <=50K
68, Private,225612, Bachelors,13, Widowed, Sales, Not-in-family, White, Male,0,0,35, United-States, >50K
26, Federal-gov,185885, Some-college,10, Never-married, Adm-clerical, Unmarried, White, Female,0,0,15, United-States, <=50K
39, ?,179352, Some-college,10, Divorced, ?, Not-in-family, White, Female,0,0,35, United-States, <=50K
38, Self-emp-inc,244803, Some-college,10, Married-civ-spouse, Sales, Husband, White, Male,0,1485,60, Cuba, >50K
64, Private,342494, HS-grad,9, Married-civ-spouse, Machine-op-inspct, Husband, White, Male,0,0,40, United-States, <=50K
57, Private,98926, Some-college,10, Widowed, Tech-support, Not-in-family, White, Female,0,0,16, United-States, <=50K
30, Private,241885, Some-college,10, Married-civ-spouse, Farming-fishing, Husband, White, Male,0,0,40, United-States, <=50K
40, Private,167919, HS-grad,9, Married-civ-spouse, Craft-repair, Husband, White, Male,0,0,40, United-States, <=50K
21, Private,180339, Assoc-voc,11, Never-married, Farming-fishing, Not-in-family, White, Female,0,1602,30, United-States, <=50K
63, Private,175777, 10th,6, Separated, Machine-op-inspct, Not-in-family, Black, Male,0,0,40, United-States, <=50K
37, State-gov,151322, Bachelors,13, Never-married, Prof-specialty, Not-in-family, White, Male,0,0,40, United-States, <=50K
19, ?,28967, Some-college,10, Never-married, ?, Not-in-family, White, Male,0,0,40, United-States, <=50K
53, Private,90624, 11th,7, Married-civ-spouse, Craft-repair, Husband, Black, Male,0,0,40, United-States, <=50K
49, Private,34446, Some-college,10, Married-civ-spouse, Transport-moving, Husband, White, Male,0,0,40, United-States, <=50K
40, Private,194360, 9th,5, Married-civ-spouse, Handlers-cleaners, Husband, White, Male,0,0,40, United-States, <=50K
20, ?,121023, Some-college,10, Never-married, ?, Own-child, White, Female,0,0,40, United-States, <=50K
29, ?,208406, HS-grad,9, Never-married, ?, Not-in-family, White, Male,0,0,35, United-States, <=50K
35, Private,187415, 5th-6th,3, Married-civ-spouse, Machine-op-inspct, Husband, Asian-Pac-Islander, Male,0,0,50, ?, <=50K
48, Local-gov,127921, Bachelors,13, Married-civ-spouse, Prof-specialty, Husband, White, Male,0,0,40, United-States, <=50K
53, Federal-gov,84278, Bachelors,13, Married-civ-spouse, Exec-managerial, Husband, White, Male,0,0,48, United-States, >50K
20, ?,187332, 10th,6, Never-married, ?, Not-in-family, White, Female,0,0,30, United-States, <=50K
32, Private,419691, 12th,8, Married-civ-spouse, Sales, Husband, White, Male,0,0,40, United-States, >50K
42, Private,165599, HS-grad,9, Married-civ-spouse, Handlers-cleaners, Husband, White, Male,0,0,40, United-States, >50K
40, Private,174515, HS-grad,9, Widowed, Machine-op-inspct, Unmarried, White, Female,0,0,40, United-States, <=50K
17, Private,102726, 12th,8, Never-married, Other-service, Own-child, White, Male,0,0,16, United-States, <=50K
47, Federal-gov,117628, HS-grad,9, Married-civ-spouse, Craft-repair, Husband, White, Male,0,0,40, United-States, >50K
26, Private,165510, HS-grad,9, Divorced, Craft-repair, Unmarried, White, Male,0,0,40, United-States, <=50K
80, Private,148623, Prof-school,15, Married-civ-spouse, Prof-specialty, Husband, White, Male,0,0,35, United-States, >50K
27, Self-emp-not-inc,207948, Some-college,10, Never-married, Other-service, Not-in-family, Black, Male,0,0,40, United-States, <=50K
23, Federal-gov,41432, Bachelors,13, Never-married, Prof-specialty, Not-in-family, White, Female,0,0,15, United-States, <=50K
53, Local-gov,176059, Masters,14, Divorced, Prof-specialty, Unmarried, White, Female,0,0,50, United-States, <=50K
43, Self-emp-not-inc,237670, Assoc-voc,11, Divorced, Exec-managerial, Not-in-family, White, Male,0,0,25, United-States, <=50K
22, ?,228480, HS-grad,9, Married-civ-spouse, ?, Own-child, White, Female,0,0,20, United-States, <=50K
37, Private,95336, 10th,6, Never-married, Machine-op-inspct, Not-in-family, White, Male,0,0,65, United-States, <=50K
46, Local-gov,180010, Bachelors,13, Married-civ-spouse, Prof-specialty, Wife, White, Female,0,0,40, United-States, >50K
31, Self-emp-not-inc,145162, Bachelors,13, Married-civ-spouse, Exec-managerial, Husband, White, Male,0,0,60, ?, >50K
27, Private,289147, HS-grad,9, Never-married, Machine-op-inspct, Own-child, White, Female,0,0,40, United-States, <=50K
45, Private,34419, Some-college,10, Married-civ-spouse, Exec-managerial, Husband, White, Male,7298,0,40, United-States, >50K
20, Private,238917, HS-grad,9, Never-married, Craft-repair, Other-relative, White, Male,0,0,40, El-Salvador, <=50K
26, Private,381618, 9th,5, Married-civ-spouse, Craft-repair, Husband, White, Male,0,0,45, United-States, <=50K
42, Private,119679, HS-grad,9, Married-civ-spouse, Machine-op-inspct, Husband, White, Male,0,1579,42, United-States, <=50K
45, ?,119835, 7th-8th,4, Divorced, ?, Not-in-family, Amer-Indian-Eskimo, Male,0,0,48, United-States, <=50K
34, Private,164190, Bachelors,13, Married-civ-spouse, Exec-managerial, Husband, White, Male,0,0,40, United-States, <=50K
46, Local-gov,167159, Some-college,10, Married-civ-spouse, Protective-serv, Husband, White, Male,0,0,70, United-States, >50K
52, Private,145879, Some-college,10, Married-civ-spouse, Sales, Husband, White, Male,0,0,65, United-States, <=50K
36, Private,346478, Bachelors,13, Married-civ-spouse, Sales, Husband, White, Male,0,2415,45, United-States, >50K
23, Private,336360, 7th-8th,4, Never-married, Craft-repair, Own-child, Black, Male,0,0,40, United-States, <=50K
47, Private,335973, HS-grad,9, Divorced, Adm-clerical, Unmarried, White, Female,0,0,40, United-States, <=50K
39, Local-gov,236391, HS-grad,9, Married-civ-spouse, Machine-op-inspct, Husband, White, Male,0,0,38, United-States, >50K
48, Private,171095, Assoc-acdm,12, Divorced, Exec-managerial, Unmarried, White, Female,0,0,40, England, <=50K
37, Local-gov,98725, Bachelors,13, Never-married, Tech-support, Own-child, White, Female,0,0,42, United-States, <=50K
30, Private,257874, Bachelors,13, Never-married, Sales, Not-in-family, White, Female,0,0,30, United-States, <=50K
61, Local-gov,34632, Bachelors,13, Divorced, Other-service, Not-in-family, White, Male,0,0,30, United-States, <=50K
45, Private,285060, Bachelors,13, Married-civ-spouse, Exec-managerial, Husband, White, Male,0,0,50, United-States, >50K
23, ?,283806, 9th,5, Divorced, ?, Not-in-family, White, Female,0,0,35, United-States, <=50K
26, Private,112847, HS-grad,9, Never-married, Handlers-cleaners, Not-in-family, White, Male,0,0,40, United-States, <=50K
38, Private,205493, HS-grad,9, Married-civ-spouse, Exec-managerial, Wife, White, Female,0,0,60, United-States, >50K
28, Private,274579, HS-grad,9, Married-civ-spouse, Transport-moving, Husband, White, Male,0,0,60, United-States, <=50K
53, Private,126592, Some-college,10, Married-civ-spouse, Craft-repair, Husband, Black, Male,7688,0,40, United-States, >50K
25, Private,75821, Some-college,10, Never-married, Prof-specialty, Own-child, White, Female,0,0,40, United-States, <=50K
66, Private,78855, HS-grad,9, Never-married, Adm-clerical, Not-in-family, Asian-Pac-Islander, Female,0,0,40, United-States, <=50K
26, Private,402998, Bachelors,13, Married-civ-spouse, Prof-specialty, Husband, White, Male,0,0,58, United-States, >50K
33, Private,100154, 10th,6, Separated, Handlers-cleaners, Not-in-family, White, Male,0,0,40, United-States, <=50K
66, Private,142723, 5th-6th,3, Married-spouse-absent, Handlers-cleaners, Unmarried, White, Female,0,0,40, Puerto-Rico, <=50K
31, Private,212235, Some-college,10, Never-married, Sales, Not-in-family, White, Male,0,0,45, United-States, <=50K
17, Private,126771, 12th,8, Never-married, Prof-specialty, Own-child, White, Male,0,0,7, United-States, <=50K
28, Private,266070, Prof-school,15, Never-married, Prof-specialty, Not-in-family, White, Female,0,0,50, United-States, <=50K
27, Private,187392, HS-grad,9, Never-married, Other-service, Not-in-family, White, Female,0,0,40, United-States, <=50K
25, ?,394820, Some-college,10, Separated, ?, Unmarried, White, Female,0,0,20, United-States, <=50K
53, Private,31588, Bachelors,13, Married-civ-spouse, Prof-specialty, Husband, White, Male,0,0,52, United-States, >50K
33, Private,188467, HS-grad,9, Never-married, Farming-fishing, Not-in-family, White, Male,0,0,40, United-States, <=50K
34, Private,176648, HS-grad,9, Divorced, Adm-clerical, Not-in-family, Black, Male,0,0,42, United-States, <=50K
24, ?,67586, Assoc-voc,11, Married-civ-spouse, ?, Wife, Black, Female,0,0,35, United-States, <=50K
